GameName;characters;nameError;date;ErrorCount;hash
Super Smash Bros. Ultimate;Emma;CЖCХ:582;0948-07-07;1;92036383
Ghostrunner;Zoe;EXLА:354;1680-06-02;1;801796368
Gears 5;Abigail;МREР:757;1241-05-19;1;84865971
Starfield;Riley;TXАS:572;1448-10-11;2;473232490
Stardew Valley;Scarlett;БПUJ:772;1864-07-06;2;83148532
Starfield;Henry;MHЕЩ:673;1711-11-27;2;820719821
Shadow of the Tomb Raider;Harper;ЭDGY:588;1047-09-27;2;99574455
Sekiro: Shadows Die Twice;Alex;IXOE:578;1390-01-28;2;409489201
Shadow of the Tomb Raider;Aria;РЫОF:207;1304-06-06;2;695831827
Destiny 2;Emma;ВЛПS:781;1137-02-03;2;635328976
Need for Speed: Heat;David;TIДQ:392;1428-04-22;2;243028908
Sekiro: Shadows Die Twice;Ruby;ЩCЬЬ:441;1749-10-13;2;737047091
Destiny 2;Victoria;БQJS:436;0917-06-14;2;888052157
Need for Speed: Heat;Victoria;MМГЛ:96;1072-05-09;2;533521341
Stardew Valley;Elizabeth;AWПР:705;1350-03-26;2;832807072
Red Dead Redemption 2;Elizabeth;ЫFЙK:421;1185-01-25;3;566329644
Star Wars Jedi: Fallen Order;Aiden;JAIЫ:287;1044-02-07;3;925093384
Star Wars Jedi: Fallen Order;Benjamin;QЗKZ:629;1472-04-01;3;411088237
Monster Hunter: World;Nora;ЦEМO:123;1571-06-20;3;604225051
Red Dead Redemption 2;Riley;IЛGЭ:908;1450-06-05;3;650026325
Forza Horizon 4;Scarlett;CVЗЭ:266;1683-01-03;3;291954591
Star Wars Jedi: Fallen Order;Brooklyn;МFШТ:484;1466-10-08;3;543150652
Luigi's Mansion 3;Logan;VGНЬ:874;1814-01-12;3;714181951
Fallout 4;Emily;XJЯV:293;1663-10-18;3;595250303
Forza Horizon 4;Hannah;ЛЕUГ:849;1930-02-19;3;336660294
Red Dead Redemption 2;Mila;BЮDЕ:649;1913-03-10;3;876196727
Forza Horizon 4;Nora;TYZD:420;1649-01-26;3;192383850
DOOM;Amelia;ТЦЭВ:648;1770-01-03;3;870705213
Luigi's Mansion 3;Evelyn;ЪGИК:525;1627-04-28;3;349818483
Monster Hunter: World;Madison;ЫВОЧ:947;1138-07-23;3;922884386
Animal Crossing: New Horizons;Isaac;ТDЫЩ:947;1299-11-11;3;172787370
Luigi's Mansion 3;Sophia;ЯWЫF:180;1264-05-19;3;766517047
Fallout 4;Emma;РRЧE:686;1879-08-28;3;223483469
Fallout 4;Natalie;ТФГS:637;1476-12-24;3;23078226
DOOM;Nathan;КYЕЩ:55;1580-05-20;3;540340903
Animal Crossing: New Horizons;Olivia;ЩZBП:77;1132-03-18;3;762933075
Animal Crossing: New Horizons;Natalie;НWRЩ:209;1949-09-22;3;821881775
DOOM;Zoe;GФЦP:968;1146-07-14;3;387595681
Monster Hunter: World;Jacob;FААO:233;1553-09-19;3;657741582
Titanfall 2;Sophia;RЕQЗ:273;1920-10-15;4;985220376
The Legend of Zelda: Breath of the Wild;James;GТКА:919;1589-07-16;4;294328524
Assassin's Creed Valhalla;Anna;HРIB:841;1967-05-23;4;255755071
Resident Evil Village;Charlie;ТWЩР:537;1333-05-10;4;270911285
Pokemon Sword and Shield;Leah;КОQВ:89;1942-12-08;4;816527623
Far Cry 6;Zoe;MSTУ:134;1362-02-17;4;629910908
FIFA 21;Joseph;AMЦS:952;1751-04-22;4;841173733
Diablo III;Olivia;DWАЗ:866;1280-11-21;4;602102529
No Man's Sky;Mia;FПЯЬ:261;1082-11-16;4;636325391
Diablo III;Mia;ЧMЯЪ:340;1029-11-11;4;40000964
Far Cry 5;Scarlett;ЖХTB:167;1736-02-13;4;765783345
Far Cry 5;Madelyn;ЫСPХ:140;1368-10-07;4;377281049
No Man's Sky;Lucas;QЮИВ:730;1114-04-18;4;272794073
Battlefield V;Olivia;ДRSS:947;1747-04-27;4;898067083
Battlefield V;James;RWOП:199;1158-03-22;4;171563354
The Legend of Zelda: Breath of the Wild;Aria;ГDPJ:735;1931-10-19;4;893916246
Far Cry 5;Michael;UОGW:648;1792-08-04;4;786202464
Assassin's Creed Odyssey;Scarlett;VCJШ:875;1365-02-12;4;99036459
Resident Evil Village;Jack;XРЪF:332;1218-03-23;4;876282714
Far Cry 6;Evelyn;БГНL:200;1182-03-13;4;277310822
Assassin's Creed Odyssey;Abigail;SNKI:692;1673-11-12;4;27561013
FIFA 21;Hannah;ИMОР:916;1416-09-14;4;430453501
Wolfenstein II: The New Colossus;Olivia;BCEЬ:969;1839-03-01;4;141924478
Pokemon Sword and Shield;Scarlett;ЪФUV:724;1549-05-28;4;946209722
Titanfall 2;Stella;ИXOE:885;1937-08-08;4;740972141
The Legend of Zelda: Breath of the Wild;Emily;XЬEY:655;1119-08-18;4;18964897
No Man's Sky;Hannah;ZHDB:261;1576-12-16;4;27015014
Call of Duty: Modern Warfare;Julia;ЬКГХ:11;1986-05-15;4;678454968
Far Cry 6;Grace;GFOБ:469;1391-02-04;4;304638614
Titanfall 2;Nora;GТHM:346;0931-06-23;4;905087260
Far Cry 6;Olivia;АПLD:585;1173-09-04;4;33921468
Resident Evil Village;Sophia;SЫЫЬ:245;1179-10-24;4;185794087
Battlefield V;Evelyn;IDЖЛ:614;1315-02-06;4;27451877
FIFA 21;Benjamin;OQDП:326;1093-07-23;4;326755295
Assassin's Creed Valhalla;Alex;KYUД:131;0923-10-19;4;154438177
The Legend of Zelda: Breath of the Wild;Alexander;ЮВДN:604;1906-07-21;4;867955135
Far Cry 5;Hannah;ГYYЪ:818;1800-10-27;4;879085618
Pokemon Sword and Shield;Alexander;RIЯZ:661;0958-02-16;4;133817477
Call of Duty: Modern Warfare;Benjamin;КZЦJ:567;1654-02-13;4;364317469
Pokemon Sword and Shield;Michael;MVЭM:839;1683-09-15;4;906357395
Assassin's Creed Valhalla;Samuel;NЩQД:470;1868-06-28;4;700718820
The Last of Us;Emily;CNЮЮ:382;1542-01-16;4;318065357
Diablo III;James;ZNЖX:48;1031-06-25;4;842722553
The Last of Us;Mila;ZFPV:787;1315-11-05;4;398438635
Wolfenstein II: The New Colossus;William;CПDS:674;1252-03-09;4;832037449
Wolfenstein II: The New Colossus;Evelyn;ГФИM:19;1974-10-21;4;64167135
Assassin's Creed Odyssey;Claire;РYXE:779;1007-02-16;4;537487128
Assassin's Creed Valhalla;Evelyn;ЮНЫZ:124;1140-03-23;4;125466800
Assassin's Creed Odyssey;Harper;YФOO:656;2001-04-12;4;215759086
The Last of Us;Benjamin;ЧМДВ:947;1222-03-24;4;220027743
Diablo III;John;FМXR:35;0938-07-19;4;902269173
No Man's Sky;Elizabeth;ТEVЬ:88;1795-09-19;4;849619318
Titanfall 2;James;ЫНKБ:556;1489-01-14;4;188011025
Final Fantasy XV;Eva;ФFБЩ:861;1299-04-17;4;278637739
Call of Duty: Modern Warfare;Jacob;HKXQ:762;1309-08-11;4;324472188
FIFA 21;Ethan;FЙYK:676;0974-10-14;4;841149883
Battlefield V;Mia;ЖЙЧП:47;1946-12-23;4;757168261
Final Fantasy XV;Julian;ЬOUЬ:790;1328-05-05;4;312462054
Final Fantasy XV;Sophia;НЮЪY:950;1615-06-06;4;700858268
Final Fantasy XV;Alex;KQMН:538;1244-08-11;4;424897090
The Last of Us;Elijah;ТCYU:515;0912-03-13;4;316542408
Wolfenstein II: The New Colossus;Hannah;УЙШЫ:132;1311-04-10;4;525216179
Call of Duty: Modern Warfare;Scarlett;РWHR:837;1870-10-27;4;135655193
Resident Evil Village;Emily;ПЕVФ:345;1619-06-23;4;989863220
Hogwarts Legacy;Benjamin;PИQP:261;1459-06-19;5;17218507
Metal Gear Solid V: The Phantom Pain;Olivia;УФЖQ:419;1322-10-03;5;670314895
NBA 2K21;Jackson;QЯZП:607;0928-02-14;5;699857982
Terraria;Aria;ДЪОH:212;1464-09-28;5;37160378
Terraria;Amelia;ФДGJ:803;1661-03-12;5;745742889
Hogwarts Legacy;Zoe;ЮNЬH:221;1645-02-14;5;586385226
Bioshock Infinite;Julian;ТZГA:179;1658-10-11;5;999575968
Mass Effect 3;Tyler;НГJD:523;1354-08-15;5;479056161
Mortal Kombat 11;Elizabeth;ЙЪFУ:85;1348-08-21;5;439887128
Rainbow Six Siege;Michael;ЩLBM:997;1292-04-03;5;41373881
Metal Gear Solid V: The Phantom Pain;Ava;МВЬX:641;1773-12-03;5;775464869
Terraria;Riley;ЖOPD:370;1213-02-03;5;119032179
Metro Exodus;Chloe;XSГF:113;1741-09-06;5;680720827
Rainbow Six Siege;Lily;MBMЯ:720;1123-10-19;5;290495998
Apex Legends;Gabriel;LЖYЬ:592;1086-02-06;5;929394980
Middle-earth: Shadow of War;Benjamin;EШХЪ:445;1146-02-03;5;511728130
Apex Legends;Ethan;VЮCМ:326;1216-04-07;5;973647534
Rocket League;Hannah;ЛЯХA:542;1216-04-16;5;456895413
Apex Legends;Zoe;ИBМП:683;1552-04-28;5;892289045
Mass Effect 3;Adeline;FXKZ:324;1323-08-23;5;538495500
NHL 21;Harper;ТЪЮД:52;1074-01-05;5;777482294
Horizon Zero Dawn;Sofia;МХИK:898;1201-03-26;5;259466637
Apex Legends;Brooklyn;UВШK:103;1208-01-03;5;381948788
Elden Ring;Grace;EЬШB:814;1747-01-02;5;126815918
Bioshock Infinite;Daniel;WОWK:241;1421-11-26;5;270264950
Hogwarts Legacy;Aiden;ЛYOВ:349;0993-05-06;5;394454819
Metro Exodus;Michael;ВPAР:531;1241-03-18;5;893535123
Horizon Zero Dawn;Ella;ЛФЭV:971;1869-10-22;5;889367848
Bioshock Infinite;Emma;FVTV:534;1597-04-14;5;456151529
Rainbow Six Siege;Ethan;OЕHИ:123;1684-05-05;5;420599655
NHL 21;Zoe;AAUT:84;1505-09-24;5;794676537
Elden Ring;Gabriel;ЫDLУ:555;1971-11-07;5;191603595
Rainbow Six Siege;Amelia;MVNК:518;1413-08-21;5;14691799
Metro Exodus;Noah;ЗMУW:294;1788-12-18;5;816760055
Metal Gear Solid V: The Phantom Pain;Hannah;НЩГЗ:762;1838-02-13;5;77737040
Mass Effect 3;Noah;ЦKЯE:192;0950-11-11;5;208334332
Hogwarts Legacy;Elizabeth;ГУЖY:220;1395-09-26;5;269516055
Metro Exodus;Aria;DGUT:54;1578-07-19;5;518999347
Horizon Zero Dawn;Zoe;ХUDL:669;1169-07-09;5;331951877
Rocket League;Amelia;OFКC:45;1932-06-21;5;846963622
Rainbow Six Siege;Natalie;ЛTWS:707;1969-05-08;5;253708414
Middle-earth: Shadow of War;Ethan;FKЭХ:302;0952-08-04;5;674318033
Middle-earth: Shadow of War;Samuel;IDRF:971;1465-02-13;5;835461360
Hogwarts Legacy;Samuel;УЬAV:779;1938-05-05;5;949342459
Mortal Kombat 11;Elijah;АЫШM:374;1320-01-11;5;527226660
Bioshock Infinite;Zoe;SKЕМ:137;1538-04-28;5;682514831
Rocket League;Lily;ЛЕQS:851;0952-09-07;5;890984654
Rocket League;Zoe;ЙYPN:545;1072-08-17;5;541425308
Madden NFL 21;Samuel;АOРW:309;1179-07-16;5;554698094
Mass Effect 3;William;ЦVПC:431;2011-01-22;5;678660134
Madden NFL 21;James;ZBРЗ:429;1081-07-05;5;587656740
Elden Ring;Jack;JKЭB:943;0940-10-26;5;314736402
NHL 21;Scarlett;МСZЫ:961;1309-11-03;5;133742747
NBA 2K21;Tyler;РDIT:161;1407-02-09;5;378449805
Mass Effect 3;Elijah;ЮАБY:652;1680-04-22;5;549334862
Rocket League;Levi;KБХN:544;1409-06-08;5;206280317
Horizon Zero Dawn;Zoe;ЛZЫС:42;1226-08-03;5;331951877
Apex Legends;Victoria;CДЭЖ:152;1267-12-25;5;73261659
Elden Ring;Zoe;LЙРЮ:439;1001-05-01;5;402245702
Mortal Kombat 11;Samuel;IFТЕ:337;1268-08-03;5;119713523
Horizon Zero Dawn;Benjamin;ЬLCС:820;1473-09-23;5;336115475
Bioshock Infinite;Zoe;CЮШТ:866;1428-09-26;5;682514831
Terraria;Zoe;UJЗИ:255;1608-03-21;5;733699652
Mortal Kombat 11;Emily;УZВМ:573;1459-07-14;5;767092023
Metro Exodus;Claire;GЛШV:753;1356-07-18;5;309529127
NBA 2K21;Lily;ПААП:857;1474-07-26;5;513848061
Middle-earth: Shadow of War;Julian;KHАИ:916;1847-04-04;5;331342159
Middle-earth: Shadow of War;Camila;KЮWR:574;1617-05-16;5;704551068
Elden Ring;Emily;OМЕI:137;1691-01-14;5;235510525
Terraria;Sofia;FУVД:586;1652-02-07;5;666271683
NHL 21;Charlotte;SSPА:927;1875-01-19;5;94211652
NBA 2K21;Sophie;BММR:667;1193-01-12;5;469118533
NBA 2K21;Riley;MНSЬ:346;1353-07-11;5;584276016
Madden NFL 21;Zoe;ВЯИЪ:739;1044-02-03;5;869715437
Metal Gear Solid V: The Phantom Pain;Avery;МСNВ:598;1517-02-26;5;661696737
Mortal Kombat 11;Alexander;ПШEA:85;2023-04-03;5;406506964
NHL 21;Isaac;NAБJ:693;1964-04-03;5;58632217
Madden NFL 21;Chloe;IVQХ:745;1256-07-17;5;935036250
Metal Gear Solid V: The Phantom Pain;Hannah;ФZФС:173;1121-03-22;5;77737040
Madden NFL 21;Mia;ПVEЬ:603;1931-10-12;5;88973734
The Witcher 3: Wild Hunt;Scarlett;OЖЙС:129;1469-10-01;6;214161144
Devil May Cry 5;Benjamin;КWSЖ:948;1903-10-13;6;681205498
Resident Evil 7: Biohazard;Grace;ДADH:12;1139-05-23;6;683459909
Watch Dogs: Legion;Michael;ЙPДZ:526;1360-12-17;6;322566132
Borderlands 3;Abigail;ЪАOB:290;1041-11-26;6;590318975
Mafia: Definitive Edition;Ella;OWBЬ:96;1730-09-18;6;374741100
Outriders;Alex;GOДС:103;1355-11-26;6;304005665
Watch Dogs: Legion;Elijah;YВYЩ:953;1060-04-08;6;8254966
Watch Dogs: Legion;Victoria;NШSZ:375;1390-05-05;6;729702871
Tom Clancy's The Division;Samuel;MJKЦ:60;0941-06-24;6;931006028
Control;Chloe;HGОD:646;1277-12-23;6;618667067
Mafia: Definitive Edition;Mila;TИVN:558;1020-11-13;6;437267891
Borderlands 3;Jack;QЭЕJ:290;1929-05-09;6;178786444
Among Us;Samuel;ХВYУ:214;1398-11-16;6;705218872
Devil May Cry 5;John;ЪBШР:335;1961-07-05;6;357777049
Devil May Cry 5;Eleanor;ОГLC:537;1321-04-28;6;813830606
Cyberpunk 2077;Evelyn;VЦХH:926;1714-07-08;6;625499512
Borderlands 3;Avery;ЪЪОS:943;1016-04-02;6;800331590
Watch Dogs: Legion;William;QFЩD:738;1622-06-07;6;334935875
Mafia: Definitive Edition;Zoey;ZМPB:864;1507-10-01;6;832753235
Control;Nora;QTЛН:221;0962-10-21;6;570592350
Tom Clancy's The Division;Charlotte;DКЮG:506;1425-05-26;6;881249596
Tom Clancy's The Division;Elizabeth;WDЭY:947;1736-04-20;6;890103230
Control;Charlotte;KВЯЗ:192;1644-10-26;6;168062892
Street Fighter V;Joseph;ПЕOП:987;1860-02-07;6;161645711
Tom Clancy's The Division;Brooklyn;RMЧК:72;1213-10-14;6;128593791
Cyberpunk 2077;Avery;ЫWВА:169;0914-03-21;6;406910018
The Witcher 3: Wild Hunt;Sophie;SWFJ:302;1786-01-22;6;319790154
Devil May Cry 5;Chloe;ХЛMЖ:247;1910-08-26;6;947074678
Spider-Man;Zoe;NDТR:205;1798-12-26;6;237888318
Street Fighter V;Scarlett;ГЭЕA:751;1884-11-14;6;997833573
Mafia: Definitive Edition;Harper;MЧUЛ:938;1346-10-24;6;109247967
Cyberpunk 2077;Liam;NBНS:554;1466-11-27;6;575456354
Outriders;Owen;DNZN:872;1701-11-21;6;917578366
Outriders;Ruby;ЗYЩИ:68;1827-08-07;6;576566417
Tom Clancy's The Division;Aaron;ЙNСП:261;1174-08-15;6;965268881
The Elder Scrolls V: Skyrim;Olivia;СPЕП:493;1242-05-20;6;320098824
Resident Evil 7: Biohazard;Tyler;WЪКJ:582;1791-12-28;6;823642213
The Elder Scrolls V: Skyrim;Sophia;NЭAN:672;0988-08-20;6;396060724
Far Cry 4;Mila;ТOЛN:538;1868-08-23;6;733664079
Control;Victoria;ЫCЬС:443;1027-11-05;6;354091461
The Elder Scrolls V: Skyrim;Peyton;ББXH:545;1341-02-28;6;319352822
Devil May Cry 5;Layla;ВФЮO:671;1560-07-25;6;940746164
Resident Evil 7: Biohazard;Emma;UVEЪ:628;1126-07-20;6;614809332
Cyberpunk 2077;Emily;QПEB:39;1141-04-10;6;598580851
Far Cry 4;Lucas;GAЬЫ:459;1139-02-07;6;890051824
Street Fighter V;Ella;РYАP:584;1310-09-16;6;835698416
Tom Clancy's The Division;Eva;IЧОY:643;1192-11-27;6;447215360
Among Us;Mason;ЪКGЙ:654;1039-12-03;6;972481519
Street Fighter V;Ava;АБSJ:277;1936-04-03;6;154939492
The Witcher 3: Wild Hunt;Caleb;СHФB:941;1985-12-21;6;536148776
The Elder Scrolls V: Skyrim;Alexander;ЙYТN:821;1491-11-10;6;591910678
The Elder Scrolls V: Skyrim;Grace;ОЩЖА:795;0938-08-05;6;965202940
Among Us;Lucas;VFРC:487;1889-07-11;6;258512991
Watch Dogs: Legion;Nora;ЕKUH:952;1183-02-03;6;409539942
Spider-Man;Victoria;АЙЕТ:474;1571-06-14;6;440672514
Spider-Man;Sophia;SVПK:370;1031-10-03;6;76912142
Resident Evil 7: Biohazard;Gabriel;GGEИ:161;1197-05-13;6;684650917
Cyberpunk 2077;Mia;ИПРJ:846;1038-03-07;6;57064040
Borderlands 3;Samuel;MУKI:289;1560-01-07;6;943955550
The Elder Scrolls V: Skyrim;Lucas;GЮXV:853;1155-02-09;6;964899320
Spider-Man;Lucas;ВJТU:434;1535-04-19;6;739268674
Outriders;Amelia;ШВHB:952;1253-05-09;6;979028771
Among Us;Sophia;TХЭV:271;1060-10-18;6;616536982
Outriders;Elizabeth;XУAX:702;1613-04-17;6;228190760
The Witcher 3: Wild Hunt;Mia;WWDХ:836;1088-06-03;6;573672143
Cyberpunk 2077;Levi;ЛIEД:653;1607-03-28;6;906305316
Control;Ethan;FXFЪ:800;1214-10-08;6;995504633
Borderlands 3;Charlie;VЛХV:682;0990-11-20;6;568273513
The Witcher 3: Wild Hunt;Samuel;ОЙHT:388;1249-07-21;6;275905008
Devil May Cry 5;Henry;ДPRN:400;1374-08-17;6;947168049
Street Fighter V;Mila;RRWC:899;1845-02-23;6;564115220
Among Us;Samantha;РАЙQ:59;0933-02-09;6;331841134
Far Cry 4;Julia;EWXU:87;1200-09-16;6;755666362
Far Cry 4;Amelia;JЭЩА:674;1857-05-10;6;746162451
Mafia: Definitive Edition;Hannah;VКЕБ:599;1830-10-22;6;222903122
Outriders;Penelope;ZAДY:298;0912-11-08;6;161197262
Spider-Man;Nora;НТЮР:948;1813-10-07;6;996779035
Far Cry 4;Emma;MGWА:865;1469-08-27;6;802466738
Mafia: Definitive Edition;Amelia;VЯШК:808;1538-05-08;6;795465107
Resident Evil 7: Biohazard;Isabella;НAХK:120;1377-07-24;6;181328789
Street Fighter V;Jayden;ЦUКP:75;1274-02-19;6;285236003
Spider-Man;Scarlett;AТПЮ:841;1113-07-09;6;857047034
Among Us;Aubrey;ЫЯEЕ:674;1032-05-27;6;812039754
Resident Evil 7: Biohazard;Isabella;IМЦЛ:908;1136-12-02;6;181328789
The Witcher 3: Wild Hunt;Samuel;ЩНЪA:250;1933-08-12;6;275905008
Far Cry 4;Lucy;LДJJ:282;1324-08-20;6;676862107
Borderlands 3;David;XXBЗ:131;1935-01-07;6;987925329
Watch Dogs: Legion;Elijah;TАСМ:478;1848-10-03;6;8254966
Control;Alex;IУDЕ:453;0926-08-21;6;676934626
Fortnite;Leo;RNPQ:790;1320-08-11;7;651931181
Doom Eternal;Chloe;JУОД:775;1594-07-14;7;978858387
F1 2020;Scarlett;QABР:342;1175-10-23;7;526877042
The Outer Worlds;Evelyn;ЮЬAЯ:731;1743-11-20;7;666998973
Kingdom Hearts III;Samuel;THIC:729;2023-07-08;7;416940120
The Division 2;Riley;ЙZNZ:938;1400-03-10;7;375231155
Civilization VI;Ethan;ШЫНМ:677;1509-01-19;7;276555842
The Outer Worlds;Hannah;QЩMA:982;1607-04-09;7;768147140
Uncharted 4: A Thief's End;Owen;БДMN:728;1954-12-27;7;642902591
Hellblade: Senua's Sacrifice;Emily;РЫOП:655;1636-01-19;7;115880085
Dying Light;David;AЧIL:766;1962-06-10;7;610752230
Dying Light;Alex;ОVAA:249;1457-01-07;7;977028891
Hellblade: Senua's Sacrifice;Olivia;WДUЙ:896;1611-01-16;7;387550981
Final Fantasy VII Remake;Scarlett;ЦЩPЪ:479;1452-08-12;7;5268349
StarCraft II;Sophie;FЧМБ:775;1482-07-21;7;156327521
Fortnite;Mason;XYЕР:325;1266-08-11;7;815673859
Hellblade: Senua's Sacrifice;Zoey;ТSFР:362;1733-10-26;7;387263159
Fortnite;Stella;ШGWW:665;1495-11-21;7;91055665
Final Fantasy VII Remake;Zoey;YDЕX:818;1225-12-13;7;96702782
Hellblade: Senua's Sacrifice;Lily;ЗБTО:630;0975-04-11;7;784690918
Fortnite;Stella;ТSIT:51;1272-04-04;7;91055665
Doom Eternal;Oliver;ОXИШ:80;1124-04-22;7;75262273
Uncharted 4: A Thief's End;Nora;ИОXА:419;1808-08-20;7;756251025
Resident Evil 3;Sophie;ZQУЗ:632;1163-09-01;7;94265738
Resident Evil 3;Aria;ЦДBК:670;1112-01-26;7;658906902
Resident Evil 3;William;ГЙМЖ:127;1534-10-14;7;824382447
Fortnite;Andrew;SOНP:136;1315-10-05;7;387576493
Final Fantasy VII Remake;Madison;YSWJ:96;1999-08-10;7;756391478
Resident Evil 3;Nathan;ЯKTИ:785;1057-07-04;7;215106077
Ghost of Tsushima;Charlotte;OАЮЖ:510;1791-09-08;7;423234354
The Division 2;Peyton;ЩЧЖД:246;1359-09-10;7;60808093
The Outer Worlds;Jacob;АЯРТ:346;1160-10-26;7;229424726
Uncharted 4: A Thief's End;Michael;HJРI:78;1621-11-18;7;161933611
Hellblade: Senua's Sacrifice;James;ЖOЧF:99;1636-05-09;7;8663373
Uncharted 4: A Thief's End;Justin;ССOИ:964;1543-03-07;7;13245349
Final Fantasy VII Remake;Ruby;ЗЮАE:909;1760-06-26;7;757730718
God of War;Gia;UЗПВ:975;0940-09-17;7;293217518
Halo 5: Guardians;Emma;WJAI:238;1237-12-11;7;414533015
Fortnite;Samuel;RУЬЙ:770;1486-01-08;7;443601957
StarCraft II;Noah;UEДЗ:465;1877-09-15;7;437417138
Grand Theft Auto V;Samantha;ЕУЦS:123;1099-07-23;7;747777505
Final Fantasy VII Remake;Sophie;VЪTP:443;0909-11-18;7;871153945
Doom Eternal;Ella;OXКН:198;1203-08-11;7;293848149
F1 2020;Owen;ЖUJB:433;1193-08-09;7;882659841
F1 2020;Mia;ФФEГ:853;0993-06-19;7;434833387
Dying Light;Gabriel;ЛЧЮE:798;1734-12-26;7;279117681
Halo 5: Guardians;Jacob;ЪTSU:568;1147-01-08;7;486545792
Doom Eternal;Layla;ВИБФ:665;1346-05-13;7;147991787
Ghost of Tsushima;Nora;WСRA:380;1899-11-18;7;813708613
The Division 2;Luna;ЙРЯY:881;1275-08-25;7;142413452
Civilization VI;Jacob;ЭЗБО:703;1305-12-04;7;524189737
F1 2020;Elizabeth;RНAY:955;2012-06-05;7;239449314
StarCraft II;Charles;СЗШЭ:436;1163-11-19;7;259010293
Ghost of Tsushima;Alex;КJДS:473;1825-08-22;7;286270378
Kingdom Hearts III;Liam;XАRN:696;1858-07-17;7;26146530
Civilization VI;Grace;УБСГ:907;1322-02-21;7;856947650
Kingdom Hearts III;Madelyn;ЮTАЭ:746;1633-05-13;7;143214220
Grand Theft Auto V;Jacob;УHОF:387;1916-09-02;7;14775924
Halo 5: Guardians;Harper;ЭLВD:939;1634-05-17;7;224798306
Doom Eternal;Aubrey;ZЕЬЬ:148;1077-01-05;7;88110101
StarCraft II;Benjamin;WIDА:882;1343-07-27;7;681903003
Ghost of Tsushima;Charlotte;ЯJXX:550;1807-05-21;7;423234354
Civilization VI;Ethan;ЦABZ:262;1884-05-08;7;276555842
StarCraft II;Lily;MZFК:94;1951-12-11;7;179896471
God of War;Gabriel;ЖUHJ:50;1431-09-22;7;174997844
God of War;Chloe;СJВU:131;1585-05-16;7;100197764
Doom Eternal;Scarlett;DRРЙ:409;1441-04-10;7;158853745
Resident Evil 3;Peyton;ЪWЛI:31;1936-04-17;7;518617939
Ghost of Tsushima;Oliver;ЦШПП:957;1110-01-08;7;493644989
StarCraft II;Liam;ЩНЫC:895;1405-07-15;7;36266498
God of War;Evelyn;QМZY:716;1701-09-19;7;59233107
Dying Light;Hazel;БOОB:852;1099-01-15;7;538886344
Uncharted 4: A Thief's End;Liam;HЖCY:675;1046-04-28;7;718032953
Grand Theft Auto V;Claire;ЛJGШ:322;1121-06-03;7;600823476
Grand Theft Auto V;Amelia;VLДS:476;0989-10-15;7;512665046
Doom Eternal;Benjamin;VJЬЦ:671;1399-06-28;7;359383471
Civilization VI;Noah;KСЕН:781;1929-07-16;7;702477247
The Outer Worlds;Zoey;ЩЭQС:223;1422-06-17;7;713070440
F1 2020;Nathan;ЭFФD:752;2018-09-25;7;836130150
Hellblade: Senua's Sacrifice;Evelyn;SИFЛ:890;1042-04-17;7;216408315
Grand Theft Auto V;Leo;ОЙYД:308;1175-11-22;7;213374700
Ghost of Tsushima;Peyton;ЗPЗR:81;1678-11-18;7;542141567
Kingdom Hearts III;Sophia;BЖBВ:184;1669-12-24;7;213695010
Final Fantasy VII Remake;Henry;ЙQУL:921;0996-08-23;7;335899531
Kingdom Hearts III;Zoey;MVXШ:504;1334-06-08;7;780234922
God of War;Justin;BЩXМ:158;1775-09-14;7;338529923
Halo 5: Guardians;Olivia;VKГZ:449;1743-05-19;7;627667508
Halo 5: Guardians;Lucy;ЛПMЖ:699;1759-12-28;7;792095478
Grand Theft Auto V;Adeline;ЗЪИU:780;1981-09-18;7;749951728
Ghost of Tsushima;Jacob;ЮИГP:394;1326-10-27;7;364722428
Fortnite;Elizabeth;VNЛФ:217;1593-07-12;7;720282518
Dying Light;Zoey;KКOY:237;1742-12-15;7;255729289
Final Fantasy VII Remake;Jayden;ЮХНЪ:650;1564-11-15;7;245346153
F1 2020;Scarlett;МPQЦ:677;1965-10-08;7;526877042
StarCraft II;Adeline;DJИС:983;1327-08-16;7;767578306
Kingdom Hearts III;Lily;СGIV:252;1296-10-19;7;667177074
Civilization VI;Riley;РXСW:826;1770-08-06;7;487421179
The Outer Worlds;Brooklyn;EЛЮТ:980;1211-07-12;7;715133045
Resident Evil 3;Madelyn;ГXVW:427;1783-09-16;7;530904635
Civilization VI;Nora;ЫWVX:630;1129-04-26;7;684943372
Resident Evil 3;Claire;ТЕAЬ:378;1793-11-24;7;647235367
God of War;Liam;BNYC:719;1453-07-25;7;766170405
F1 2020;Mia;ЛNКI:481;1473-04-10;7;434833387
The Outer Worlds;Riley;HZВМ:536;0965-08-04;7;192656168
Hellblade: Senua's Sacrifice;Gabriel;МДDX:211;1962-08-25;7;184382080
The Division 2;William;FKOD:699;1213-04-12;7;496281397
Halo 5: Guardians;Amelia;OKJD:332;1191-12-12;7;984434914
The Outer Worlds;James;ЙОШR:576;1844-09-12;7;537983817
The Division 2;Madelyn;SKEЦ:301;1382-03-02;7;999458666
Uncharted 4: A Thief's End;Avery;МLХH:311;1154-02-02;7;806169119
Kingdom Hearts III;Oliver;KТГТ:139;1723-03-04;7;757078052
God of War;Scarlett;MТDЭ:174;1724-12-21;7;37793321
The Division 2;Aria;OСDФ:671;1967-02-06;7;570658697
Grand Theft Auto V;David;ГМЦМ:573;1692-10-28;7;846607106
Uncharted 4: A Thief's End;James;АЦБС:853;1812-12-26;7;289473912
Dying Light;Noah;AМKЗ:986;1206-11-21;7;450875438
Halo 5: Guardians;Julian;WKHO:680;1769-08-08;7;99816465
Dying Light;Liam;HЪЕS:299;1187-12-06;7;983165433
The Division 2;Peyton;GЖЭТ:21;1957-03-09;7;60808093
Death Stranding;Daniel;XKOХ:799;1255-07-07;8;212159609
Outer Wilds;Eva;JGХN:300;1139-08-16;8;995535136
Sims 4;Lily;ОЩАИ:804;1131-08-07;8;351900032
Hitman 3;Emma;ЕYЩШ:659;1100-05-09;8;326814877
Elder Scrolls Online;Madelyn;ЖZУY:427;1918-10-01;8;455339548
Hitman 3;Chloe;LКLД:654;1433-01-12;8;302970837
Hitman 3;Andrew;EФЧD:666;1044-11-28;8;337166986
Dark Souls III;Victoria;ЛSНF:976;1969-08-19;8;942839498
Outer Wilds;Hannah;NNДЖ:236;1658-08-14;8;431241870
The Medium;Owen;EEПР:264;1951-05-17;8;336560641
Outer Wilds;Lucy;ПVЭО:261;1715-04-04;8;451516727
Death Stranding;Sophia;ЖКЧЦ:26;0901-05-22;8;26290566
Dark Souls III;Brooklyn;CWЖX:648;1711-04-10;8;7502694
Dark Souls III;Nathan;OJЗU:442;1814-03-07;8;906748105
Outer Wilds;Madison;HEРУ:639;2012-08-27;8;441923871
Hitman 3;Amelia;QВЗM:780;1501-08-18;8;270510590
Sims 4;Zoe;MNSТ:598;0942-04-09;8;862899372
Dark Souls III;Jayden;ЙЦУЦ:291;1520-05-20;8;120268268
Outer Wilds;Emily;БЙWЗ:997;1664-06-02;8;337854167
The Medium;Ethan;ГUЪA:677;1091-01-28;8;681255410
Elder Scrolls Online;Scarlett;ЛCNЩ:98;1330-04-14;8;768780490
Sims 4;Jack;SLHL:37;1391-04-26;8;289261184
The Medium;Samuel;LJCH:797;1474-10-28;8;662936741
Outer Wilds;Scarlett;OOВТ:982;0974-11-28;8;794799289
Elder Scrolls Online;Amelia;ЩЪЛЖ:903;1094-10-04;8;470909084
Hitman 3;Sophia;ЭHРН:620;0921-06-17;8;772423954
The Medium;Zoe;ЫTЬR:807;0934-05-06;8;615200650
Dark Souls III;Nora;CVТД:41;1958-04-26;8;492869573
Crash Bandicoot 4: It's About Time;Owen;ШEГO:267;1708-05-03;8;790012106
Outer Wilds;Mia;IДФD:348;0936-10-22;8;40552238
Crash Bandicoot 4: It's About Time;Mila;HПЪT:693;1584-04-22;8;13370453
Crash Bandicoot 4: It's About Time;Harper;ДPPД:59;1295-04-16;8;686644894
Sims 4;Justin;ФTБЫ:796;1442-03-20;8;232269818
Death Stranding;Lucas;ВМЪД:689;1051-04-13;8;988911773
Hitman 3;Stella;ВHCT:49;1249-12-10;8;594143591
Death Stranding;Daniel;LMНK:559;1979-06-08;8;212159609
The Medium;Grace;ЮCTЦ:913;1429-09-28;8;339770866
Death Stranding;John;ФAXY:866;0900-07-06;8;297787400
Crash Bandicoot 4: It's About Time;Jacob;YЙОЯ:878;1956-05-08;8;243613175
Elder Scrolls Online;Caleb;TEТС:635;1651-06-14;8;313708767
Sims 4;Elijah;SOРV:944;1816-10-05;8;991716337
Crash Bandicoot 4: It's About Time;Lucas;УNДЪ:520;1370-10-04;8;637906981
Crash Bandicoot 4: It's About Time;Owen;RЧГN:674;1648-04-05;8;790012106
Hitman 3;Peyton;ЬXУT:825;1265-11-18;8;326724149
The Medium;Harper;ЮTБС:815;1548-01-01;8;634011127
Crash Bandicoot 4: It's About Time;Amelia;СШЧH:305;1537-01-26;8;563342745
Outer Wilds;Ellie;НЧSЦ:800;1711-12-25;8;820533346
Death Stranding;Samuel;OЖАЖ:20;1724-02-25;8;715096074
Elder Scrolls Online;Lucy;ВМЛM:7;0952-09-11;8;253772973
Death Stranding;Eva;UЮRO:901;1630-06-20;8;604070046
Death Stranding;Abigail;ЛORU:800;1596-11-08;8;600580145
Sims 4;Natalie;QQХЕ:479;1042-03-23;8;838930219
Sims 4;Luna;ТMKD:753;1056-05-27;8;393724676
Elder Scrolls Online;Elijah;UПFB:738;1731-09-02;8;72947984
The Medium;Benjamin;ЙЗЖN:508;1693-07-04;8;68797295
Dark Souls III;Stella;НХБS:716;0940-05-01;8;106498035
Dark Souls III;Zoey;ВЧЕS:510;1710-12-11;8;775549550
Sims 4;David;ВKПE:318;1858-10-13;8;701825541
Elder Scrolls Online;Tyler;BЪБA:661;1230-05-03;8;677715390
Hitman 3;Aaliyah;LOHD:486;1631-02-04;8;514163495
Crash Bandicoot 4: It's About Time;Charlie;ИШЕA:21;0977-01-06;8;209106625
Dark Souls III;Olivia;ТВAН:149;1580-11-18;8;572307688
The Medium;Harper;MIЪK:556;1170-09-11;8;634011127
Elder Scrolls Online;Aria;HЫJS:360;1283-09-08;8;497507962
FIFA 20;Mila;PЯУG:488;1630-02-22;9;58985474
FIFA 20;Owen;БFЙФ:650;1018-02-06;9;885741036
FIFA 20;Aria;CMJЖ:367;1458-06-19;9;652856204
FIFA 20;Harper;CBБX:256;2018-02-23;9;373028414
FIFA 20;Sadie;XНAЯ:582;1610-12-25;9;70215402
FIFA 20;Anna;ОЙYF:759;0911-12-25;9;791584294
FIFA 20;Henry;ГАХE:300;1446-03-23;9;265825410
FIFA 20;Emma;НTЪТ:752;1189-06-16;9;429274749
FIFA 20;Daniel;ЬDЫЬ:895;1792-10-10;9;792521154
Resident Evil 2;Jackson;LРЫR:850;1617-02-20;10;847229974
Resident Evil 2;Sadie;ОHYН:694;1619-11-22;10;650518919
Resident Evil 2;Emily;ЮXJA:732;1286-01-10;10;227789224
Resident Evil 2;Aaron;БАЧО:553;1120-11-25;10;894876369
Resident Evil 2;Charlotte;ЫEУЦ:729;1622-09-01;10;663611128
Resident Evil 2;Eleanor;ARJS:640;1740-07-01;10;639505748
Resident Evil 2;Jack;ФTDИ:691;1497-09-24;10;635684270
Resident Evil 2;Mason;UУЫГ:44;1760-02-13;10;202790636
Resident Evil 2;Liam;TUВЭ:664;1493-01-18;10;204664727
Resident Evil 2;Lily;ПGCB:770;1447-12-06;10;41295189
Minecraft;Aubrey;РЖYУ:377;1616-11-14;11;95850419
Minecraft;Alexander;ШБUJ:220;1026-10-08;11;140183599
Minecraft;Chloe;LBOE:136;1205-01-03;11;657244684
Minecraft;Amelia;АФHZ:665;1401-02-08;11;512702342
Minecraft;Nora;YWLЭ:517;1653-03-24;11;541567186
Minecraft;Aria;УКШX:211;1233-01-09;11;454839541
Minecraft;Zoe;ЧЖSF:835;1345-04-25;11;729891946
Minecraft;Madison;ЯPFИ:553;1962-10-28;11;318603993
Minecraft;Zoe;KЫОЩ:500;1795-10-09;11;729891946
Minecraft;Matthew;UMЛИ:321;1606-07-19;11;624678055
Minecraft;Grace;ЕIКS:405;1134-02-10;11;454462162
Overwatch;Sophia;UALП:446;1212-02-03;14;287346754
Overwatch;Scarlett;MEMЦ:272;1071-08-06;14;791656526
Overwatch;Grace;MЧUЮ:328;1449-02-08;14;645162763
Overwatch;Sadie;ЭNТN:281;1044-09-13;14;916730964
Overwatch;Andrew;УНЦЕ:148;1903-09-18;14;326673505
Overwatch;Jack;JLКК:25;0933-06-07;14;833083247
Overwatch;Avery;TCJИ:936;1615-08-07;14;986771447
Overwatch;Natalie;ЗГJС:392;1970-06-11;14;562672698
Overwatch;Zoe;CKЬИ:14;1371-08-17;14;920592547
Overwatch;Jack;LЖAЛ:55;1327-06-15;14;833083247
Overwatch;Brooklyn;ЕFЩГ:872;1901-06-21;14;198104886
Overwatch;Henry;ЧAKН:672;1196-03-02;14;314694484
Overwatch;Amelia;АЪHZ:615;0942-07-11;14;703402943
Overwatch;James;MXРТ:236;1240-12-18;14;105851224
